{"cameraMode":{"drawMode":0,"name":"Shaded","section":"Shading Mode"},"sceneLighting":true,"audioPlay":false,"sceneViewState":{"m_AlwaysRefresh":false,"showFog":true,"showSkybox":true,"showFlares":true,"showImageEffects":true,"showParticleSystems":true,"showVisualEffectGraphs":true,"m_FxEnabled":true},"in2DMode":false,"pivot":{"x":-0.35025596618652346,"y":1.1458625793457032,"z":-0.25595998764038088},"rotation":{"x":-0.0740574523806572,"y":0.8959856033325195,"z":-0.16332870721817017,"w":-0.4062628149986267},"size":4.507394790649414,"orthographic":false}